{
    "PassengerName": "王某某",
    "ValidIdNumber": "384932********1234",
    "Endorsement": "不得签转",
    "NumberOfGpOrder": "GP112045678767",
    "DetailInformationOfAirTicketTuple": [
        {
            "DepartureStation": "合肥 HFE",
            "DestinationStation": "广州 CAN",
            "FlightSegment": "1",
            "Carrier": "南航",
            "Flight": "CZ8866",
            "Class": "V",
            "CarrierDate": "2021-07-27",
            "DepartureTime": "18:30",
            "FareBasis": "Y50",
            "EffectiveDate": "",
            "ExpirationDate": "",
            "FreeBaggageAllowance": "20K"
        },
        {
            "DepartureStation": "广州 CAN",
            "DestinationStation": "北海 BHY",
            "FlightSegment": "2",
            "Carrier": "南航",
            "Flight": "CZ8866",
            "Class": "V",
            "CarrierDate": "2021-07-27",
            "DepartureTime": "22:50",
            "FareBasis": "Y50",
            "EffectiveDate": "",
            "ExpirationDate": "",
            "FreeBaggageAllowance": "20K"
        }
    ],
    "Fare": "477.06",
    "FuelSurcharge": "45.87",
    "VatRate": "0.09",
    "VatTaxAmount": "47.07",
    "CivilAviationDevelopmentFund": "50.00",
    "OtherTaxes": "0.00",
    "TotalAmount": "620.00",
    "ETicketNumber": "7841234567890",
    "VerificationCode": "7890",
    "PromptInformation": "XXXX",
    "Insurance": "XXX",
    "AgentCode": "CAN001/08682256",
    "IssueParty": "中国南方航空股份有限公司",
    "IssueDate": "2021-07-28",
    "IssuingStatus": "正常",
    "MarkingOfDomesticOrInternational": "国内",
    "NameOfPurchaser": "北京XXX公司",
    "UnifiedSocialCreditCodeOfPurchaser": "9111000007311XXXX",
    "ElectronicInvoiceAirTransportReceiptNumber": "12345678901234567891"
}