{
    "NumberOfBankElectronicReceipt": "201903039029660024300000000001",
    "IdentificationCodeOfIssuer": "C1030311000455",
    "IssueDate": "2019-12-31",
    "TypeOfBankElectronicReceipt": "普通回单",
    "IdentificationOfCreditOrDebit": "0",
    "IdentificationOfCashOrTransfer": "1",
    "DateOfBookkeeping": "2019-11-30",
    "Bookkeeper": "张三",
    "JournalAccountOfBookkeeping": "XX交易记录",
    "Currency": "CNY",
    "TransactionAmountInFigures": "1000000.00",
    "TypeOfSourceDocument": "支票",
    "NumberOfSourceDocument": "0987654321",
    "TransactionCode": "42062",
    "Notes": "转账业务",
    "AccountNameOfPayer": "上海商务电子有限公司",
    "AccountNumberOfPayer": "6226000100010001",
    "OpeningBankOfPayer": "中国光大银行XX支行",
    "AccountNumberOfPayee": "6226000200020002",
    "AccountNameOfPayee": "天隆超市有限公司",
    "OpeningBankOfPayee": "中国光大银行XX支行",
    "AccountNumberOfRecipient": "1234567890",
    "IdentificationNumberOfRecipient": "110101196012315729",
    "BusinessProductType": "同行转账",
    "ChannelType": "柜面交易",
    "Usage": "支付供应商款项",
    "TimeOfBookkeeping": "15:07:11",
    "IdentifyingCode": "C10303110004552019030390296600243000000000019444",
    "BusinessSerialNumber": "XXXXXXXXXX"
}