{
    "IdentificationCodeOfIssuer": "C1030311000455",
    "NumberOfBankBranch": "001",
    "Currency": "CNY",
    "CustomerSettlementBankAccount": "62XX000000010001",
    "NameOfCustomerAccount": "ABC公司",
    "CodeOfBankCustomer": "A123456",
    "YearOfBankReconciliationStatement": "2021",
    "MonthOfBankReconciliationStatement": "08",
    "PrintTimes": "1",
    "PrintDate": "2021-08-31",
    "InformationOfReconcileDetailsTuple": [
        {
            "DateOfBookkeeping": "2021-08-03",
            "TypesOfBusinessProducts": "转账",
            "BusinessSerialNumber": "XXXXXXXXX1",
            "TypeOfSourceDocument": "支票",
            "NumberOfSourceDocument": "0987654321",
            "NotesOfBankElectronicReceipt": "转账业务",
            "IdentificationOfCreditOrDebit": "0",
            "TransactionAmount": "15177.33",
            "DebitOrCreditOfBalance": "1",
            "AccountBalance": "95445.32",
            "TransactionCode": "42062",
            "AccountOfCounterparty": "62XX000200020002",
            "NameOfCounterparty": "DEF公司",
            "DepositoryBankOfCounterparty": "XX银行北京分行",
            "Bookkeeper": "08971",
            "TimeOfBookkeeping": "08:34:23",
            "JournalAccountOfBookkeeping": "XX交易记录",
            "NumberOfBankElectronicReceipt": "202108039029660024300000000001"
        },
        {
            "DateOfBookkeeping": "2021-08-15",
            "TypesOfBusinessProducts": "转账",
            "BusinessSerialNumber": "XXXXXXXXX1",
            "TypeOfSourceDocument": "支票",
            "NumberOfSourceDocument": "1234567890",
            "NotesOfBankElectronicReceipt": "转账业务",
            "IdentificationOfCreditOrDebit": "1",
            "TransactionAmount": "156.22",
            "DebitOrCreditOfBalance": "1",
            "AccountBalance": "95601.54",
            "TransactionCode": "42063",
            "AccountOfCounterparty": "62XX000300030003",
            "NameOfCounterparty": "OPQ公司",
            "DepositoryBankOfCounterparty": "XX银行朝阳支行",
            "Bookkeeper": "06587",
            "TimeOfBookkeeping": "15:34:24",
            "JournalAccountOfBookkeeping": "XX交易记录",
            "NumberOfBankElectronicReceipt": "202108157549660024300000000001"
        }
    ],
    "AccountBalanceAtTheEndOfReconciliationCycleAmount": "95601.54",
    "AvailableBalanceAtTheEndOfReconciliationCycleAmount": "95601.54"
}