{
    "TypeOfInvoice": "增值税电子普通发票",
    "UniqueCodeOfInvoice": "01100190021122595386",
    "LocationOfInvoice": "北京",
    "CodeOfInvoice": "011001900211",
    "NumberOfInvoice": "22595386",
    "DateOfIssue": "2020-03-28",
    "IdentifyingCode": "43555 45760 03143 54972",
    "NumberOfInvoiceMachine": "661803848118",
    "SpecialInvoiceType": "成品油",
    "NameOfPurchaser": "ABC公司",
    "AddressPhoneNumberOfPurchaser": "北京市朝阳区xxxxx路X号",
    "DepositBankAndAccountNumberOfPurchaser": "工商银行北京xxxx支行",
    "SecurityCode": "5/82>775/61-31--06<7816*/*71*5>7>-+29+6*9/<06147>851479226492*<689301631-*06<7811**0>2<5>73-939<2/9/<83-2</*",
    "TotalAmountExcludingTax": "235.40",
    "TotalTaxAmount": "30.60",
    "TaxIncludedAmountInWords": "贰佰陆拾陆元整",
    "TaxIncludedAmountInFigures": "266.00",
    "NameOfSeller": "北京***石油有限公司",
    "AddressPhoneNumberOfSeller": "北京市朝阳区xxxxx路",
    "DepositBankAndAccountNumberOfSeller": "华夏银行北京xxxx支行",
    "Payee": "刘海燕",
    "Reviewer": "李红莲",
    "Issuer": "刘海燕",
    "InformationOfTaxableGoodsOrServicesDetailItemsTuple": [
        {
            "NatureOfInvoiceLine": "普通行",
            "NameOfTaxableGoodsOrServices": "*汽油*92# 京标VI汽油",
            "UnitOfGoodsOrServices": "升",
            "QuantityOfGoodsOrServices": "45.41",
            "UnitPriceOfGoodsOrServices": "5.885487",
            "AmountExcludingTax": "267.26",
            "TaxRate": "13%",
            "TaxAmount": "34.74"
        },
        {
            "NatureOfInvoiceLine": "折扣行",
            "NameOfTaxableGoodsOrServices": "*汽油*92# 汽油",
            "UnitOfGoodsOrServices": "升",
            "AmountExcludingTax": "-31.86",
            "TaxRate": "13%",
            "TaxAmount": "-4.14"
        }
    ],
    "TaxpayerIdentificationNumberUnifiedSocialCreditCodeOfPurchaser": "91110000073123456",
    "TaxpayerIdentificationNumberUnifiedSocialCreditCodeOfSeller": "916400007000XXXXXX",
    "BeginningOfIncomePeriodUnderAccrualBasis": "2020-03",
    "EndOfIncomePeriodUnderAccrualBasis": "2020-03"
}