{
    "ETicketNumber": "10001002550218A019731",
    "IssueParty": "12306官网",
    "DateOfIssue": "2021-11-12",
    "DepartureStation": "北京西",
    "PhonicsOfDepartureStation": "Beijingxi",
    "DestinationStation": "襄樊",
    "PhonicsOfDestinationStation": "Xiangfan",
    "TrainNumber": "Z37",
    "TravelDate": "2021-11-10",
    "DepartureTime": "20:22",
    "Remarks": "仅供报销使用",
    "NameOfPurchaser": "ABC公司",
    "AddressPhoneNumberOfPurchaser": "北京市朝阳区xxxxx路X号",
    "DepositBankAndAccountNumberOfPurchaser": "工商银行北京xxxx支行",
    "TaxRate": "0.09",
    "TaxAmount": "35.42",
    "TotalAmountExcludingTax": "393.58",
    "AirConditioningCharacteristics": "新空调",
    "SeatLevel": "软卧",
    "Carriage": "01车",
    "Seat": "021号下铺",
    "Fare": "429.00",
    "TypeOfRailwayTicket": "孩",
    "IdNumber": "4324251988****1234",
    "Name": "李某瑞",
    "ElectronicInvoiceRailwayETicketNumber": "1000100255T2119012345",
    "IssuePartyCode": "TEST0000",
    "TypeOfBusiness": "售",
    "UnifiedSocialCreditCodeOfPurchaser": "91110000073123456",
    "NameOfSeller": "中国国家铁路集团",
    "UnifiedSocialCreditCodeOfSeller": "91100000000013477B",
    "AddressPhoneNumberOfSeller": "海淀区复兴路",
    "DepositBankAndAccountNumberOfSeller": "工商银行北京铁道支行",
    "TypeOfVoucher": "电子发票（铁路电子客票）"
}