<?xml version="1.0" encoding="UTF-8"?>

<xbrl xmlns="http://www.xbrl.org/2003/instance" xmlns:bker="http://xbrl.mof.gov.cn/taxonomy/2023-12-31/bker" xmlns:link="http://www.xbrl.org/2003/linkbase" xmlns:iso4217="http://www.xbrl.org/2003/iso4217" xmlns:xbrli="http://www.xbrl.org/2003/instance" xmlns:xsi="http://www.w3.org/2001/XMLSchema-instance" xmlns:xlink="http://www.w3.org/1999/xlink" xsi:schemaLocation="http://www.xbrl.org/2003/linkbase http://www.xbrl.org/2003/xbrl-linkbase-2003-12-31.xsd">
  <link:schemaRef xlink:type="simple" xlink:href="bker_issuer_entry_point_2023-12-31.xsd"/>
  <context id="c1">
    <entity>
      <identifier scheme="http://xbrl.mof.gov.cn">C1030311000455</identifier>
    </entity>
    <period>
      <instant>2019-12-31</instant>
    </period>
  </context>
  <unit id="u1">
    <measure>iso4217:CNY</measure>
  </unit>
  <bker:NumberOfBankElectronicReceipt contextRef="c1">201903039029660024300000000001</bker:NumberOfBankElectronicReceipt>
  <bker:IdentificationCodeOfIssuer contextRef="c1">C1030311000455</bker:IdentificationCodeOfIssuer>
  <bker:IssueDate contextRef="c1">2019-12-31</bker:IssueDate>
  <bker:TypeOfBankElectronicReceipt contextRef="c1">普通回单</bker:TypeOfBankElectronicReceipt>
  <bker:IdentificationOfCreditOrDebit contextRef="c1">0</bker:IdentificationOfCreditOrDebit>
  <bker:IdentificationOfCashOrTransfer contextRef="c1">1</bker:IdentificationOfCashOrTransfer>
  <bker:DateOfBookkeeping contextRef="c1">2019-11-30</bker:DateOfBookkeeping>
  <bker:Bookkeeper contextRef="c1">张三</bker:Bookkeeper>
  <bker:JournalAccountOfBookkeeping contextRef="c1">XX交易记录</bker:JournalAccountOfBookkeeping>
  <bker:Currency contextRef="c1">CNY</bker:Currency>
  <bker:TransactionAmountInFigures contextRef="c1" unitRef="u1" decimals="2">1000000.00</bker:TransactionAmountInFigures>
  <bker:TypeOfSourceDocument contextRef="c1">支票</bker:TypeOfSourceDocument>
  <bker:NumberOfSourceDocument contextRef="c1">0987654321</bker:NumberOfSourceDocument>
  <bker:TransactionCode contextRef="c1">42062</bker:TransactionCode>
  <bker:Notes contextRef="c1">转账业务</bker:Notes>
  <bker:AccountNameOfPayer contextRef="c1">上海商务电子有限公司</bker:AccountNameOfPayer>
  <bker:AccountNumberOfPayer contextRef="c1">6226000100010001</bker:AccountNumberOfPayer>
  <bker:OpeningBankOfPayer contextRef="c1">中国光大银行XX支行</bker:OpeningBankOfPayer>
  <bker:AccountNumberOfPayee contextRef="c1">6226000200020002</bker:AccountNumberOfPayee>
  <bker:AccountNameOfPayee contextRef="c1">天隆超市有限公司</bker:AccountNameOfPayee>
  <bker:OpeningBankOfPayee contextRef="c1">中国光大银行XX支行</bker:OpeningBankOfPayee>
  <bker:AccountNumberOfRecipient contextRef="c1">1234567890</bker:AccountNumberOfRecipient>
  <bker:IdentificationNumberOfRecipient contextRef="c1">110101196012315729</bker:IdentificationNumberOfRecipient>
  <bker:BusinessProductType contextRef="c1">同行转账</bker:BusinessProductType>
  <bker:ChannelType contextRef="c1">柜面交易</bker:ChannelType>
  <bker:Usage contextRef="c1">支付供应商款项</bker:Usage>
  <bker:TimeOfBookkeeping contextRef="c1">15:07:11</bker:TimeOfBookkeeping>
  <bker:IdentifyingCode contextRef="c1">C10303110004552019030390296600243000000000019444</bker:IdentifyingCode>
  <bker:BusinessSerialNumber contextRef="c1">XXXXXXXXXX</bker:BusinessSerialNumber>
</xbrl>
