<?xml version="1.0" encoding="UTF-8"?>

<xbrl xmlns="http://www.xbrl.org/2003/instance" xmlns:einv="http://xbrl.mof.gov.cn/taxonomy/2023-12-31/einv" xmlns:link="http://www.xbrl.org/2003/linkbase" xmlns:iso4217="http://www.xbrl.org/2003/iso4217" xmlns:xbrli="http://www.xbrl.org/2003/instance" xmlns:xsi="http://www.w3.org/2001/XMLSchema-instance" xmlns:xlink="http://www.w3.org/1999/xlink" xsi:schemaLocation="http://www.xbrl.org/2003/linkbase http://www.xbrl.org/2003/xbrl-linkbase-2003-12-31.xsd">
  <link:schemaRef xlink:type="simple" xlink:href="einv_entry_point_2023-12-31.xsd"/>
  <context id="c1">
    <entity>
      <identifier scheme="http://xbrl.mof.gov.cn">91440101MA5CLEH08W</identifier>
    </entity>
    <period>
      <instant>2022-07-16</instant>
    </period>
  </context>
  <unit id="u1">
    <measure>iso4217:CNY</measure>
  </unit>
  <einv:InvoiceNumber contextRef="c1">22442000000921300354</einv:InvoiceNumber>
  <einv:DepreciationMethodsOfFixedAssetsAndAmortizationMethodsOfIntangibleAssets contextRef="c1">直线法</einv:DepreciationMethodsOfFixedAssetsAndAmortizationMethodsOfIntangibleAssets>
  <einv:WhetherEinvoiceHasBeenFactoredSoldOrSecuritized contextRef="c1">true</einv:WhetherEinvoiceHasBeenFactoredSoldOrSecuritized>
  <einv:MatchingStateBetweenBusinessDocumentsAndVatEinvoice contextRef="c1">三单匹配</einv:MatchingStateBetweenBusinessDocumentsAndVatEinvoice>
  <einv:ContractNumber contextRef="c1">202207159977</einv:ContractNumber>
  <einv:WhetherEinvoiceIsRedEinvoice contextRef="c1">false</einv:WhetherEinvoiceIsRedEinvoice>
  <einv:WhetherEinvoiceHasBeenChecked contextRef="c1">true</einv:WhetherEinvoiceHasBeenChecked>
  <einv:WhetherEinvoiceHasBeenBooked contextRef="c1">true</einv:WhetherEinvoiceHasBeenBooked>
  <einv:WhetherEinvoiceHasBeenPaid contextRef="c1">true</einv:WhetherEinvoiceHasBeenPaid>
  <einv:NumberOfBankElectronicReceipt contextRef="c1">6FE0-4D2C-66EA</einv:NumberOfBankElectronicReceipt>
  <einv:UnifiedSocialCreditCodeOfAccountingEntity contextRef="c1">91440101MA5CLEH08W</einv:UnifiedSocialCreditCodeOfAccountingEntity>
  <einv:NameOfAccountingEntity contextRef="c1">广州市万福布艺有限公司</einv:NameOfAccountingEntity>
  <einv:InformationOfAccountingDocumentsTuple>
    <einv:NumberOfAccountingDocuments contextRef="c1">07654</einv:NumberOfAccountingDocuments>
    <einv:PostingDate contextRef="c1">2022-07-16</einv:PostingDate>
    <einv:AccountingPeriod contextRef="c1">2022-07</einv:AccountingPeriod>
    <einv:SummaryOfAccountingDocuments contextRef="c1"></einv:SummaryOfAccountingDocuments>
    <einv:InformationOfDebitAndCreditEntryTuple>
      <einv:DebitOrCredit contextRef="c1">借方</einv:DebitOrCredit>
      <einv:NameOfGeneralLedgerSubject contextRef="c1">管理费用</einv:NameOfGeneralLedgerSubject>
      <einv:RecordedAmount contextRef="c1" unitRef="u1" decimals="2">500.00</einv:RecordedAmount>
    </einv:InformationOfDebitAndCreditEntryTuple>
    <einv:InformationOfDebitAndCreditEntryTuple>
      <einv:DebitOrCredit contextRef="c1">贷方</einv:DebitOrCredit>
      <einv:NameOfGeneralLedgerSubject contextRef="c1">银行存款</einv:NameOfGeneralLedgerSubject>
      <einv:RecordedAmount contextRef="c1" unitRef="u1" decimals="2">500.00</einv:RecordedAmount>
    </einv:InformationOfDebitAndCreditEntryTuple>
  </einv:InformationOfAccountingDocumentsTuple>
  <einv:WhetherPreTaxDeductionOfIncomeTaxHasBeenCompleted contextRef="c1">false</einv:WhetherPreTaxDeductionOfIncomeTaxHasBeenCompleted>
  <einv:BeginningOfPreTaxDeductionYearOfIncomeTax contextRef="c1">2022</einv:BeginningOfPreTaxDeductionYearOfIncomeTax>
  <einv:EndOfPreTaxDeductionYearOfIncomeTax contextRef="c1">2022</einv:EndOfPreTaxDeductionYearOfIncomeTax>
  <einv:BeginningOfExpenditurePeriodUnderAccrualBasis contextRef="c1">2022-01</einv:BeginningOfExpenditurePeriodUnderAccrualBasis>
  <einv:EndOfExpenditurePeriodUnderAccrualBasis contextRef="c1">2022-12</einv:EndOfExpenditurePeriodUnderAccrualBasis>
  <einv:SellerName contextRef="c1">广州市兆丰商贸有限公司</einv:SellerName>
  <einv:SellerIdNum contextRef="c1">91440101MA5CLQ731R</einv:SellerIdNum>
  <einv:TotalAmWithoutTax contextRef="c1" unitRef="u1" decimals="2">500.00</einv:TotalAmWithoutTax>
  <einv:TotalTaxAm contextRef="c1" unitRef="u1" decimals="2">0</einv:TotalTaxAm>
  <einv:TotalTax-includedAmount contextRef="c1" unitRef="u1" decimals="2">500.00</einv:TotalTax-includedAmount>
  <einv:RequestTime contextRef="c1">2022-07-15</einv:RequestTime>
</xbrl>
