<?xml version="1.0" encoding="UTF-8"?>

<xbrl xmlns="http://www.xbrl.org/2003/instance" xmlns:inv="http://xbrl.mof.gov.cn/taxonomy/2023-12-31/inv" xmlns:link="http://www.xbrl.org/2003/linkbase" xmlns:iso4217="http://www.xbrl.org/2003/iso4217" xmlns:xbrli="http://www.xbrl.org/2003/instance" xmlns:xsi="http://www.w3.org/2001/XMLSchema-instance" xmlns:xlink="http://www.w3.org/1999/xlink" xsi:schemaLocation="http://www.xbrl.org/2003/linkbase http://www.xbrl.org/2003/xbrl-linkbase-2003-12-31.xsd">
  <link:schemaRef xlink:type="simple" xlink:href="inv_issuer_entry_point_2023-12-31.xsd"/>
  <context id="c1">
    <entity>
      <identifier scheme="http://xbrl.mof.gov.cn">916400007000XXXXXX</identifier>
    </entity>
    <period>
      <instant>2020-03-28</instant>
    </period>
  </context>
  <unit id="u1">
    <measure>iso4217:CNY</measure>
  </unit>
  <inv:TypeOfInvoice contextRef="c1">增值税电子普通发票</inv:TypeOfInvoice>
  <inv:UniqueCodeOfInvoice contextRef="c1">01100190021122595386</inv:UniqueCodeOfInvoice>
  <inv:LocationOfInvoice contextRef="c1">北京</inv:LocationOfInvoice>
  <inv:CodeOfInvoice contextRef="c1">011001900211</inv:CodeOfInvoice>
  <inv:NumberOfInvoice contextRef="c1">22595386</inv:NumberOfInvoice>
  <inv:DateOfIssue contextRef="c1">2020-03-28</inv:DateOfIssue>
  <inv:IdentifyingCode contextRef="c1">43555 45760 03143 54972</inv:IdentifyingCode>
  <inv:NumberOfInvoiceMachine contextRef="c1">661803848118</inv:NumberOfInvoiceMachine>
  <inv:SpecialInvoiceType contextRef="c1">成品油</inv:SpecialInvoiceType>
  <inv:NameOfPurchaser contextRef="c1">ABC公司</inv:NameOfPurchaser>
  <inv:AddressPhoneNumberOfPurchaser contextRef="c1">北京市朝阳区xxxxx路X号</inv:AddressPhoneNumberOfPurchaser>
  <inv:DepositBankAndAccountNumberOfPurchaser contextRef="c1">工商银行北京xxxx支行</inv:DepositBankAndAccountNumberOfPurchaser>
  <inv:SecurityCode contextRef="c1">5/82&gt;775/61-31--06&lt;7816*/*71*5&gt;7&gt;-+29+6*9/&lt;06147&gt;851479226492*&lt;689301631-*06&lt;7811**0&gt;2&lt;5&gt;73-939&lt;2/9/&lt;83-2&lt;/*</inv:SecurityCode>
  <inv:TotalAmountExcludingTax contextRef="c1" unitRef="u1" decimals="2">235.40</inv:TotalAmountExcludingTax>
  <inv:TotalTaxAmount contextRef="c1" unitRef="u1" decimals="2">30.60</inv:TotalTaxAmount>
  <inv:TaxIncludedAmountInWords contextRef="c1">贰佰陆拾陆元整</inv:TaxIncludedAmountInWords>
  <inv:TaxIncludedAmountInFigures contextRef="c1" unitRef="u1" decimals="2">266.00</inv:TaxIncludedAmountInFigures>
  <inv:NameOfSeller contextRef="c1">北京***石油有限公司</inv:NameOfSeller>
  <inv:AddressPhoneNumberOfSeller contextRef="c1">北京市朝阳区xxxxx路</inv:AddressPhoneNumberOfSeller>
  <inv:DepositBankAndAccountNumberOfSeller contextRef="c1">华夏银行北京xxxx支行</inv:DepositBankAndAccountNumberOfSeller>
  <inv:Payee contextRef="c1">刘海燕</inv:Payee>
  <inv:Reviewer contextRef="c1">李红莲</inv:Reviewer>
  <inv:Issuer contextRef="c1">刘海燕</inv:Issuer>
  <inv:InformationOfTaxableGoodsOrServicesDetailItemsTuple>
    <inv:NatureOfInvoiceLine contextRef="c1">普通行</inv:NatureOfInvoiceLine>
    <inv:NameOfTaxableGoodsOrServices contextRef="c1">*汽油*92# 京标VI汽油</inv:NameOfTaxableGoodsOrServices>
    <inv:UnitOfGoodsOrServices contextRef="c1">升</inv:UnitOfGoodsOrServices>
    <inv:QuantityOfGoodsOrServices contextRef="c1" unitRef="u1" decimals="2">45.41</inv:QuantityOfGoodsOrServices>
    <inv:UnitPriceOfGoodsOrServices contextRef="c1" unitRef="u1" decimals="6">5.885487</inv:UnitPriceOfGoodsOrServices>
    <inv:AmountExcludingTax contextRef="c1" unitRef="u1" decimals="2">267.26</inv:AmountExcludingTax>
    <inv:TaxRate contextRef="c1">13%</inv:TaxRate>
    <inv:TaxAmount contextRef="c1" unitRef="u1" decimals="2">34.74</inv:TaxAmount>
  </inv:InformationOfTaxableGoodsOrServicesDetailItemsTuple>
  <inv:InformationOfTaxableGoodsOrServicesDetailItemsTuple>
    <inv:NatureOfInvoiceLine contextRef="c1">折扣行</inv:NatureOfInvoiceLine>
    <inv:NameOfTaxableGoodsOrServices contextRef="c1">*汽油*92# 汽油</inv:NameOfTaxableGoodsOrServices>
    <inv:UnitOfGoodsOrServices contextRef="c1">升</inv:UnitOfGoodsOrServices>
    <inv:AmountExcludingTax contextRef="c1" unitRef="u1" decimals="2">-31.86</inv:AmountExcludingTax>
    <inv:TaxRate contextRef="c1">13%</inv:TaxRate>
    <inv:TaxAmount contextRef="c1" unitRef="u1" decimals="2">-4.14</inv:TaxAmount>
  </inv:InformationOfTaxableGoodsOrServicesDetailItemsTuple>
  <inv:TaxpayerIdentificationNumberUnifiedSocialCreditCodeOfPurchaser contextRef="c1">91110000073123456</inv:TaxpayerIdentificationNumberUnifiedSocialCreditCodeOfPurchaser>
  <inv:TaxpayerIdentificationNumberUnifiedSocialCreditCodeOfSeller contextRef="c1">916400007000XXXXXX</inv:TaxpayerIdentificationNumberUnifiedSocialCreditCodeOfSeller>
  <inv:BeginningOfIncomePeriodUnderAccrualBasis contextRef="c1">2020-03</inv:BeginningOfIncomePeriodUnderAccrualBasis>
  <inv:EndOfIncomePeriodUnderAccrualBasis contextRef="c1">2020-03</inv:EndOfIncomePeriodUnderAccrualBasis>
</xbrl>
