<?xml version="1.0" encoding="UTF-8"?>

<xbrl xmlns="http://www.xbrl.org/2003/instance" xmlns:inv="http://xbrl.mof.gov.cn/taxonomy/2023-12-31/inv" xmlns:link="http://www.xbrl.org/2003/linkbase" xmlns:iso4217="http://www.xbrl.org/2003/iso4217" xmlns:xbrli="http://www.xbrl.org/2003/instance" xmlns:xsi="http://www.w3.org/2001/XMLSchema-instance" xmlns:xlink="http://www.w3.org/1999/xlink" xsi:schemaLocation="http://www.xbrl.org/2003/linkbase http://www.xbrl.org/2003/xbrl-linkbase-2003-12-31.xsd">
  <link:schemaRef xlink:type="simple" xlink:href="inv_receiver_entry_point_2023-12-31.xsd"/>
  <context id="c1">
    <entity>
      <identifier scheme="http://xbrl.mof.gov.cn">91110000073123456</identifier>
    </entity>
    <period>
      <instant>2020-08-31</instant>
    </period>
  </context>
  <unit id="u1">
    <measure>iso4217:CNY</measure>
  </unit>
  <inv:UniqueCodeOfInvoice contextRef="c1">01100190021122595386</inv:UniqueCodeOfInvoice>
  <inv:NameOfSeller contextRef="c1">北京***石油有限公司</inv:NameOfSeller>
  <inv:TaxpayerIdentificationNumberUnifiedSocialCreditCodeOfSeller contextRef="c1">916400007000XXXXXX</inv:TaxpayerIdentificationNumberUnifiedSocialCreditCodeOfSeller>
  <inv:TotalAmountExcludingTax contextRef="c1" unitRef="u1" decimals="2">235.40</inv:TotalAmountExcludingTax>
  <inv:TotalTaxAmount contextRef="c1" unitRef="u1" decimals="2">30.60</inv:TotalTaxAmount>
  <inv:TaxIncludedAmountInFigures contextRef="c1" unitRef="u1" decimals="2">266.00</inv:TaxIncludedAmountInFigures>
  <inv:DateOfIssue contextRef="c1">2020-03-28</inv:DateOfIssue>
  <inv:WhetherInvoiceIsRedInvoice contextRef="c1">false</inv:WhetherInvoiceIsRedInvoice>
  <inv:WhetherInvoiceHasBeenChecked contextRef="c1">true</inv:WhetherInvoiceHasBeenChecked>
  <inv:WhetherInvoiceHasBeenBooked contextRef="c1">true</inv:WhetherInvoiceHasBeenBooked>
  <inv:UnifiedSocialCreditCodeOfAccountingEntity contextRef="c1">91110000073123456</inv:UnifiedSocialCreditCodeOfAccountingEntity>
  <inv:NameOfAccountingEntity contextRef="c1">ABC</inv:NameOfAccountingEntity>
  <inv:InformationOfAccountingDocumentsTuple>
    <inv:NumberOfAccountingDocuments contextRef="c1">12345678</inv:NumberOfAccountingDocuments>
    <inv:PostingDate contextRef="c1">2020-08-31</inv:PostingDate>
    <inv:AccountingPeriod contextRef="c1">2020-08</inv:AccountingPeriod>
    <inv:SummaryOfAccountingDocuments contextRef="c1">加油费报销</inv:SummaryOfAccountingDocuments>
    <inv:InformationOfDebitAndCreditEntryTuple>
      <inv:DebitOrCredit contextRef="c1">借方</inv:DebitOrCredit>
      <inv:NameOfGeneralLedgerSubject contextRef="c1">管理费用</inv:NameOfGeneralLedgerSubject>
      <inv:NameOfSubsidiaryLedgerSubject contextRef="c1">燃油费</inv:NameOfSubsidiaryLedgerSubject>
      <inv:RecordedAmount contextRef="c1" unitRef="u1" decimals="2">266.00</inv:RecordedAmount>
    </inv:InformationOfDebitAndCreditEntryTuple>
    <inv:InformationOfDebitAndCreditEntryTuple>
      <inv:DebitOrCredit contextRef="c1">贷方</inv:DebitOrCredit>
      <inv:NameOfGeneralLedgerSubject contextRef="c1">应付账款</inv:NameOfGeneralLedgerSubject>
      <inv:NameOfSubsidiaryLedgerSubject contextRef="c1">燃油费</inv:NameOfSubsidiaryLedgerSubject>
      <inv:RecordedAmount contextRef="c1" unitRef="u1" decimals="2">266.00</inv:RecordedAmount>
    </inv:InformationOfDebitAndCreditEntryTuple>
  </inv:InformationOfAccountingDocumentsTuple>
  <inv:WhetherPreTaxDeductionOfIncomeTaxHasBeenCompleted contextRef="c1">true</inv:WhetherPreTaxDeductionOfIncomeTaxHasBeenCompleted>
  <inv:BeginningOfPreTaxDeductionYearOfIncomeTax contextRef="c1">2020</inv:BeginningOfPreTaxDeductionYearOfIncomeTax>
  <inv:EndOfPreTaxDeductionYearOfIncomeTax contextRef="c1">2020</inv:EndOfPreTaxDeductionYearOfIncomeTax>
  <inv:BeginningOfExpenditurePeriodUnderAccrualBasis contextRef="c1">2020-08</inv:BeginningOfExpenditurePeriodUnderAccrualBasis>
  <inv:EndOfExpenditurePeriodUnderAccrualBasis contextRef="c1">2020-08</inv:EndOfExpenditurePeriodUnderAccrualBasis>
</xbrl>
